clause_name,label,severity,explanation,raw_output
Title/Intro And Purpose Of Addendum (Introductory Framing),fair,2.0,"This is standard framing for an addendum. It aligns with gold-standard language that emphasizes purpose and reliance on representations, and it isn’t asking the tenant to waive rights or override applicable law. The language is not itself legally problematic, but its effectiveness depends on subsequent specific terms.","1) Title/Intro and Purpose of Addendum (introductory framing)
- Clause: Intro/title and general framing of the bed bug addendum (City of Chicago Bed Bug Addendum; date and aim to minimize bed bugs; statements that the addendum relies on tenant representations).
- Label: fair
- Severity: 2
- Explanation: This is standard framing for an addendum. It aligns with gold-standard language that emphasizes purpose and reliance on representations, and it isn’t asking the tenant to waive rights or override applicable law. The language is not itself legally problematic, but its effectiveness depends on subsequent specific terms."
Movein/Initial Representations About Bed Bugs (The Inspection/Disclosure Component),unclear,6.0,"This language asks tenants to admit to past infestations and allows the landlord to review documentation and inspect personal property to confirm absence. That raises privacy concerns and could be read as an expansive or intrusive inspection of personal belongings, which could clash with privacy expectations and Illinois privacy norms. A gold-standard addendum typically requires disclosure of known infestations and documentation but should avoid blanket rights to inspect a tenant’s belongings without proper consent or a lawful basis. The reference to inspecting “personal property/possession” could be read as overbroad; better practice is to tie any belongings inspection to specific, risk-based steps and obtain tenant consent for any property inspection beyond standard unit-level pest inspection.","2) Move-in/Initial Representations about Bed Bugs (the inspection/disclosure component)
- Clause: “BY SIGNING THIS ADDENDUM, YOU REPRESENT THAT: You have inspected prior to moving in or signing and did not find bed bugs; or you will inspect within 48 hours after moving in and notify us of any bed bugs; You acknowledge you are not aware of infestation in current/previous dwellings; You’ve fully disclosed any previous bed bug infestations; If you disclosed prior infestations, landlord may review documentation and inspect personal property to confirm absence.”
- Label: unfair but legal / unclear
- Severity: 6
- Explanation: This language asks tenants to admit to past infestations and allows the landlord to review documentation and inspect personal property to confirm absence. That raises privacy concerns and could be read as an expansive or intrusive inspection of personal belongings, which could clash with privacy expectations and Illinois privacy norms. A gold-standard addendum typically requires disclosure of known infestations and documentation but should avoid blanket rights to inspect a tenant’s belongings without proper consent or a lawful basis. The reference to inspecting “personal property/possession” could be read as overbroad; better practice is to tie any belongings inspection to specific, risk-based steps and obtain tenant consent for any property inspection beyond standard unit-level pest inspection.
- Legal & practical note: Privacy/due process concerns exist in Illinois; pest-control inspectors can work within the unit and inspect the unit contents as part of treatment, but blanket consent to inspect all possessions can be problematic without explicit consent at the time of inspection. The gold-standard language tends to balance inspection rights with privacy protections and typically limits possession inspections to items the pest-control professionals reasonably need to access."
Access For Inspection And Pest Treatment,unclear,7.0,"This is a standard objective, but the phrase “reasonable times” is vague. Chicago municipal practice (and many fair-housing/tenant-rights standards) usually expects explicit notice periods (often 24–48 hours) for non-emergency entry, with exceptions for emergencies. The clause lacks a defined notice window for entry, which can lead to disputes about entry timing and potential privacy concerns. It also lacks a privacy-protective latitude around inspecting tenant belongings beyond standard treatment needs. Gold-standard language typically specifies a concrete notice window (e.g., 24–48 hours in writing) for non-emergency entries.","3) Access for Inspection and Pest Treatment
- Clause: “You must allow us and our pest control agents access to the apartment at reasonable times to inspect for or treat bed bugs as allowed by law. You and your family members must cooperate and will not interfere. We have the right to select licensed pest control professionals and methods. We can inspect and/or treat adjacent or neighboring apartments as part of infestation management.”
- Label: unclear/ambiguous
- Severity: 7
- Explanation: This is a standard objective, but the phrase “reasonable times” is vague. Chicago municipal practice (and many fair-housing/tenant-rights standards) usually expects explicit notice periods (often 24–48 hours) for non-emergency entry, with exceptions for emergencies. The clause lacks a defined notice window for entry, which can lead to disputes about entry timing and potential privacy concerns. It also lacks a privacy-protective latitude around inspecting tenant belongings beyond standard treatment needs. Gold-standard language typically specifies a concrete notice window (e.g., 24–48 hours in writing) for non-emergency entries."
Notice And Reporting Of Bed Bug Issues (Disclosure/Notice Requirements),fair,4.0,"This aligns with Chicago’s bed bug ordinance expectations around prompt notification (5 days in the Chicago bed bug guidance language). The 5-day window is consistent with baseline standards for timely reporting. However, as always, ensure the 5-day period is measured from when the issue is known, not from move-in; the clause should also clarify how “in writing” is satisfied (e.g., email or written notice per the lease’s notice provisions). Overall, this is a fair and aligned provision.","4) Notice and Reporting of Bed Bug Issues (disclosure/notice requirements)
- Clause: “You must notify us, in writing, within 5 days of known/suspected infestation or presence in the apartment, clothing, furniture, or personal property; of recurring bites; or if you discover evidence or a licensed professional confirms infestation.”
- Label: fair
- Severity: 4
- Explanation: This aligns with Chicago’s bed bug ordinance expectations around prompt notification (5 days in the Chicago bed bug guidance language). The 5-day window is consistent with baseline standards for timely reporting. However, as always, ensure the 5-day period is measured from when the issue is known, not from move-in; the clause should also clarify how “in writing” is satisfied (e.g., email or written notice per the lease’s notice provisions). Overall, this is a fair and aligned provision."
Cooperation And Treatment Obligations (Pre/Posttreatment Actions),fair,5.0,"Cooperation obligations and the possibility of temporary vacating for treatment are standard and generally enforceable, provided they comply with Illinois’ eviction and habitability standards. The default-on-noncooperation and potential termination remedy is within a landlord’s rights if supported by the lease and local law. However, tying noncooperation to eviction-like remedies for bed bug treatment can raise due-process concerns if tenants lack notice, cure opportunities, or if the actions are deemed unreasonable in a given case. A more precise cure period, clear treatment standards, and IPM references would strengthen this clause.","5) Cooperation and Treatment Obligations (pre/post-treatment actions)
- Clause: “Tenant must cooperate with treatment protocols, pre/post-treatment preparations, and follow all directions from landlord or pest control professionals; tenant must remove or properly prepare non-treatable items; landlord may require temporary vacating to perform pest control; if you do not cooperate, you are in default and landlord can terminate occupancy rights.”
- Label: fair (with caution) / potential risk
- Severity: 5
- Explanation: Cooperation obligations and the possibility of temporary vacating for treatment are standard and generally enforceable, provided they comply with Illinois’ eviction and habitability standards. The default-on-noncooperation and potential termination remedy is within a landlord’s rights if supported by the lease and local law. However, tying noncooperation to eviction-like remedies for bed bug treatment can raise due-process concerns if tenants lack notice, cure opportunities, or if the actions are deemed unreasonable in a given case. A more precise cure period, clear treatment standards, and IPM references would strengthen this clause."
Costs And Liability For Bed Bug Treatments And Cleaning,fair,6.0,"The addendum allows landlord-charged costs for cleaning and pest-control treatments but is vague about itemization, caps, and dispute timelines. Gold-standard language typically includes a requirement for itemized, written charges, a defined dispute window (e.g., 30 days), and a process to contest charges (potentially escalation or mediation/arbitration). The lack of caps or a defined dispute window creates potential for cost-shifting disputes. This is legally permissible but should be tightened to be more tenant-fair (itemized bill, documented basis for charges, and a reasonable dispute procedure).","6) Costs and Liability for Bed Bug Treatments and Cleaning
- Clause: “Tenant may be required to pay reasonable costs of cleaning and pest-control treatments if infestations are due to tenant actions or noncompliance; landlord may charge for cleaning or disposal of items; landlord must provide itemized charges; dispute rights and cure periods are not defined here.”
- Label: unfair but legal
- Severity: 6
- Explanation: The addendum allows landlord-charged costs for cleaning and pest-control treatments but is vague about itemization, caps, and dispute timelines. Gold-standard language typically includes a requirement for itemized, written charges, a defined dispute window (e.g., 30 days), and a process to contest charges (potentially escalation or mediation/arbitration). The lack of caps or a defined dispute window creates potential for cost-shifting disputes. This is legally permissible but should be tightened to be more tenant-fair (itemized bill, documented basis for charges, and a reasonable dispute procedure)."
Transfers/Relocation (Relocation Due To Infestation),unclear,5.0,"The addendum acknowledges relocation options and directs tenant compliance with pest-control directions. However, it does not spell out who pays for relocation, lodging, or temporary housing, nor does it set standards for livable temporary units or rent abatements during relocation. While relocation due to infestation is a common practice, the guidance suggests explicit terms about who pays for relocation, duration, and any rent-adjustment or abatement. The absence of such specifics is a gap but not inherently illegal; it’s an area where a stronger clause would improve fairness and clarity.","7) Transfers/Relocation (relocation due to infestation)
- Clause: “If bed bugs require relocation, landlord duties and tenant rights regarding relocation are defined (in practice: the addendum references relocation and related instructions, and may require property removal when pest control is performed).”
- Label: unclear / fair
- Severity: 5
- Explanation: The addendum acknowledges relocation options and directs tenant compliance with pest-control directions. However, it does not spell out who pays for relocation, lodging, or temporary housing, nor does it set standards for livable temporary units or rent abatements during relocation. While relocation due to infestation is a common practice, the guidance suggests explicit terms about who pays for relocation, duration, and any rent-adjustment or abatement. The absence of such specifics is a gap but not inherently illegal; it’s an area where a stronger clause would improve fairness and clarity."
Special Provisions,fair,3.0,"This is a standard, non-problematic provision that helps tailor the addendum to local health codes and property specifics. It’s fine as long as special provisions don’t conflict with Illinois law or with the rest of the lease in ways that would render essential protections invalid.","8) Special Provisions
- Clause: “Special Provisions clause lets you add site-specific terms; it’s intended to override conflicting form terms.”
- Label: fair
- Severity: 3
- Explanation: This is a standard, non-problematic provision that helps tailor the addendum to local health codes and property specifics. It’s fine as long as special provisions don’t conflict with Illinois law or with the rest of the lease in ways that would render essential protections invalid."
Acknowledgment/Signatures And Attachments,fair,2.0,"Signatures and acknowledgment of receipt are standard, and acknowledging the Department of Public Health information is consistent with city requirements. No obvious red flags here, provided the landlord complies with notice/receipt protocols and keeps copies for enforcement.","9) Acknowledgment/Signatures and Attachments
- Clause: Notable presence of signature lines and a requirement to acknowledge receipt of relevant Chicago Dept. of Public Health bed bug materials.
- Label: fair
- Severity: 2
- Explanation: Signatures and acknowledgment of receipt are standard, and acknowledging the Department of Public Health information is consistent with city requirements. No obvious red flags here, provided the landlord complies with notice/receipt protocols and keeps copies for enforcement.

How this addendum lines up with the baseline standard and Chicago/Illinois guidance
- Strengths:
  - Aligns with baseline expectations on injury-to-habitatability: infestation reporting, notice to landlord, and prompt remediation considerations are present.
  - Includes a structure for landlord access for pest control and for treatment (subject to “reasonable notice” and compliance with law).
  - Includes a site-specific Chicago context with references to local health/pest-control guidance and requirements for tenant education.
- Gaps or risks to address (these are opportunities to tighten and reduce disputes):
  - Entry notice: “reasonable times” for landlord access is vague. Chicago guidance and common fair-housing expectations favor a concrete notice window (ideally 24–48 hours) for non-emergency entries.
  Cost allocation and dispute process: The costs section lacks a precise, itemized billing requirement, a defined dispute window (e.g., 30 days to dispute charges), and an explicit dispute/arbitration path. Without these, tenants may face uncertainty or disputes about amounts charged for pest-control work or cleaning of personal items.
  IPM/treatment standards: While IPM is mentioned in the framework you drafted, the Chicago addendum itself does not specify IPM practices or the types of products allowed. A gold-standard approach would specify that treatments follow IPM, use EPA-registered products, and provide the treatment plan upon request.
  Personal belongings and privacy: The representations about inspecting tenant possessions to confirm absence of bed bugs could raise privacy concerns if not carefully bounded. A better approach is to limit possession inspections to licensed pest-control activities and reasonable pest-control procedures, with explicit consent for any additional handling of personal items.
  Transfers/relocation specifics: The addendum references relocation but does not spell out who pays, how long relocation lasts, whether rent abatement applies, or what “comparable temporary housing” means in practice. A more user-friendly clause would address cost-sharing, duration, and standards for interim housing.
  Governing law and integration: The bed bug addendum sits alongside the main lease, and there should be a clear integration clause that resolves conflicts between the addendum and the lease in line with Illinois law. The addendum should also align with Illinois habitability standards and local health codes.

What could be improved (practical redlines you could consider)
- Entry notice: Replace “to access at reasonable times” with a concrete window, e.g., “Landlord or pest-control professionals shall provide at least 24 hours’ written notice of entry for inspections or treatments, except in emergencies.”
- Cost transparency and dispute rights: Add a dedicated section (e.g., a revised Section 8) with:
  - Itemized charges required for any pest-control or cleaning costs.
  - Documentation to be provided (invoices, service reports) within a defined window (e.g., 15–30 days).
  - A 30-day window for Tenant to dispute charges, plus a mechanism (mediation/arbitration) if unresolved.
  - Caps or reasonableness standard where appropriate and defined.
- IPM and product standards: Include language such as:
  - “Treatment shall follow Integrated Pest Management (IPM) principles. Only EPA-registered products shall be used, and the landlord shall provide a copy of the treatment plan upon request.”
- Privacy protections for belongings: Add a sentence such as:
  - “Inspections of Tenant belongings shall be performed only as necessary for pest-control purposes and with Tenant consent, or as required by law, and only by licensed pest-control professionals.”
- Relocation specifics: Add a relocation clause that addresses:
  - Who pays for temporary housing and relocation costs.
  - Duration and standards of living in temporary housing.
  - Rent abatement or credit during relocation, if applicable.
  - Return-to-unit terms and re-packing/packing responsibilities.
- Special Chicago provisions: Ensure the Special Provisions section explicitly references any local health department or ordinance requirements applicable to bed bug control and tenant rights, including any required informational notices.

Would you like me to draft a revised redlined bed bug addendum (and a clean final version) that:
- fixes entry-notice clarity (24–48 hours non-emergency),
- provides itemized cost billing with a 30-day dispute right,
- adds IPM language and product standards,
- tightens privacy/possession inspection language,
- and adds Chicago/Illinois-specific site provisions and relocation specifics?

If yes, tell me:
- who should bear the initial inspection and treatment costs (landlord vs tenant, any caps),
- whether relocation should be required or only if necessary (and under what conditions),
- any caps on penalties or default consequences for noncooperation,
- and any preferred wording style (straightforward/legalistic vs. tenant-friendly).

Notes on the tools and sources I used
- Gold-standard bed bug addendum language (Illinois/Chicago) and typical Illinois addendum language (this helped establish the baseline elements to compare against your text).
- Tenant-rights red flags and general habitability guidance (for context on what is typically allowed vs. risky in tenant-landlord settings).
- Chicago bed bug ordinance and Department of Public Health guidance embedded in the materials I pulled (to align with city expectations, especially around reporting timelines and entry notices).
- General landlord-tenant law concepts (e.g., habitability duties, privacy rights, entry notices) from the sources (including Cornell LII/Wex) to understand the legal landscape and what’s commonly enforceable.

If you want, I can also produce:
- A side-by-side comparison matrix (clause-by-clause) showing how each clause stacks up to the baseline standard, showing gaps, and listing suggested edits.
- A clean, ready-to-sign redlined draft plus a polished final version of the bed bug addendum tailored to Chicago/Illinois, with your policy preferences (cost-sharing, relocation terms, IPM specifics) incorporated.

Would you like me to draft the revised bed bug addendum now with the improvements described? If yes, share your preferences for cost allocation, relocation, dispute timelines, and any Chicago-specific requirements you want prioritized."
